Instructor,Instructor _Title,Department,Courses,Course_count,Sum_MaxCredits,Sum_Enrollment,Sum_Capacity
"Aguirre, Milton E.",Assistant Professor,School of Engineering Tech,"[('ENGT', 48000), ('ENGT', 48000), ('ENGT', 48100)]",3,9,239,275
"Akdere, Mesut",Professor,Technology Ldrshp & Innovatn,"[('TLI', 45570)]",1,3,16,30
"Alcorn, Brandon M.",Professor,Naval Science,"[('NS', 31100), ('NS', 31100)]",2,6,19,40
"Allison, Christopher S.",Lecturer,Schl of Construction Mgmt Tech,"[('CM', 23301), ('CM', 35000)]",2,12,101,130
"Asunda, Paul A.",Associate Professor,Purdue Polytechnic Inst Admin,"[('TECH', 64600)]",1,3,30,35
"Asunda, Paul A.",Associate Professor,Technology Ldrshp & Innovatn,"[('TLI', 26500), ('OLS', 37500)]",2,6,48,60
"Athinarayanan, Ragu",Professor,School of Engineering Tech,"[('IET', 33400)]",1,3,65,65
"Bal, Siddhant",Student,Computer Graphics Technology,"[('CGT', 34000), ('CGT', 34000), ('CGT', 44200)]",3,9,102,135
"Barlow, Victor M.",Assistant Professor,Computer Information Tech,"[('CNIT', 18000), ('CNIT', 38000)]",2,6,199,229
"Barnes, Donald K.",Assistant Professor of Practice,Schl of Aviation & Transp Tech,"[('AT', 26502), ('AT', 33502), ('AT', 33502), ('AT', 44502), ('AT', 44502)]",5,15,112,120
"Bashant, Amie",Executive Officer,Military Science,"[('MSL', 40100)]",1,4,26,32
"Baxmeyer, Adam W.",Airport Director,Schl of Aviation & Transp Tech,"[('AT', 45100)]",1,3,29,40
"Benhart, Bradley L.",Professor of Practice,Schl of Construction Mgmt Tech,"[('CM', 10000), ('CM', 37200), ('CM', 40000)]",3,12,248,285
"Berry, Frederick C.",Professor,School of Engineering Tech,"[('ENGT', 48000), ('ENGT', 48000), ('ENGT', 48100)]",3,9,239,275
"Besiktepe, Deniz",Assistant Professor,Schl of Construction Mgmt Tech,"[('CM', 20001), ('CM', 40000)]",2,12,170,175
"Bhatt, Smriti",Assistant Professor,Computer Information Tech,"[('CNIT', 27100), ('CNIT', 58100)]",2,6,86,100
"Bhoyar, Srushti",Student,Computer Information Tech,"[('CNIT', 10500)]",1,3,246,290
"Bilotkach, Volodymyr",Associate Professor,Schl of Aviation & Transp Tech,"[('AT', 33800), ('AT', 34001)]",2,6,45,70
"Bittinger, Christopher N.",Clinical Assistant Professor,Technology Ldrshp & Innovatn,"[('OLS', 48700)]",1,3,15,40
"Boowuo, Henrietta",Student,Computer Information Tech,"[('CNIT', 13600)]",1,3,292,300
"Bosman, Lisa B.",Associate Professor,Technology Ldrshp & Innovatn,"[('TLI', 31400), ('TLI', 52000)]",2,6,33,95
"Bowers, Theresa L.",Unk,Technology Ldrshp & Innovatn,"[('TLI', 35560)]",1,3,15,25
"Brewer, Jeffrey L.",Associate Professor,Computer Information Tech,"[('CNIT', 55200)]",1,3,24,25
"Brewer, Todd A.",Flight Maintenance Technician Supervisor,Schl of Aviation & Transp Tech,"[('AT', 10300), ('AT', 29000)]",2,4,124,150
"Briller, Sherylyn H.",Professor,Purdue Polytechnic Inst Admin,"[('TECH', 22000), ('TECH', 22000)]",1,6,34,80
"Brown, Stephanie N.",Program Manager,Schl of Aviation & Transp Tech,"[('AT', 48100)]",1,3,54,55
"Butcher, Christine L.",Administrative Assistant Navy ROTC,Naval Science,"[('NS', 11000), ('NS', 11000), ('NS', 21400), ('NS', 21400), ('NS', 31100), ('NS', 31100), ('NS', 35000), ('NS', 35000), ('NS', 41300)]",9,27,116,239
"Byrd, Vetria L.",Associate Professor,Computer Graphics Technology,"[('CGT', 27000), ('CGT', 27000)]",2,6,108,145
"Carlock, Thomas V.",Student,Computer Graphics Technology,"[('CGT', 27000), ('CGT', 27000), ('CGT', 41101)]",3,8,278,315
"Chang, Soowon",Assistant Professor,Schl of Construction Mgmt Tech,"[('CM', 10000), ('CM', 15000), ('CM', 35000)]",3,18,289,343
"Chen, Yingjie",Professor,Computer Graphics Technology,"[('CGT', 47000)]",1,3,7,40
"Chen, Yunfeng",Associate Professor,Schl of Construction Mgmt Tech,"[('CM', 20001)]",1,6,87,90
"Cheung, April",Assistant Professor of Practice,School of Engineering Tech,"[('ECET', 17700), ('ECET', 27900)]",2,6,113,135
"Churchill, Michael D.",Assistant Professor of Military Science,Military Science,"[('MSL', 10100), ('MSL', 10100), ('MSL', 10100), ('MSL', 30100), ('MSL', 30100)]",5,14,77,139
"Condron, James",Assistant Professor of Practice,School of Engineering Tech,"[('ENGT', 48000), ('ENGT', 48000), ('ENGT', 48100)]",3,9,239,275
"Cory, Clark A.",Associate Professor,Schl of Construction Mgmt Tech,"[('CM', 16400), ('CM', 46200)]",2,5,346,384
"Cutter, Jason E.",Assistant Professor,Schl of Aviation & Transp Tech,"[('AT', 10000), ('AT', 10000), ('AT', 54800)]",3,5,306,419
"Davis, John M.",Associate Professor of Practice and Associate Head for Undergraduate Affairs,Schl of Aviation & Transp Tech,"[('AT', 37600), ('AT', 47600)]",2,7,82,90
"De Cresce El Debs, Luciana",Assistant Professor,Schl of Construction Mgmt Tech,"[('CM', 58100)]",1,3,23,24
"Deadman, Robert C.",Clinical Assistant Professor,Computer Information Tech,"[('CNIT', 24000), ('CNIT', 24200), ('CNIT', 34010), ('CNIT', 34400), ('CNIT', 34500)]",5,14,324,488
"Decker, Patrick",Assistant Professor of Military Science,Military Science,"[('MSL', 30100), ('MSL', 30100)]",2,8,38,64
"Deodeshmukh, Rashmi B.",Assistant Professor of Practice,School of Engineering Tech,"[('ECET', 33700)]",1,3,1,1
"Diao, Xiumin",Associate Professor,School of Engineering Tech,"[('MFET', 34800), ('MFET', 34800), ('MFET', 36100)]",2,9,133,138
"Dietz, James E.",Professor,Computer Information Tech,"[('CNIT', 51100), ('CNIT', 61700)]",2,6,26,60
"Dirienzo, Sam A.",Assistant Professor of Military Science,Military Science,"[('MSL', 20100), ('MSL', 20100)]",2,6,35,72
"Dittman, Kevin C.",Associate Professor,Computer Information Tech,"[('CNIT', 48000), ('CNIT', 55000), ('CNIT', 55300)]",3,9,89,120
"Dorribo Camba, Jorge",Associate Professor,School of Engineering Tech,"[('MFET', 21301)]",1,3,15,30
"Dubikovsky, Sergey I.",Associate Professor,Schl of Aviation & Transp Tech,"[('AT', 20501), ('AT', 50700)]",2,6,75,76
"Dunlap, Duane D.",Professor and Chair,School of Engineering Tech,"[('MET', 52700)]",1,3,24,21
"Dunlop, Steven R.",Limited Term Lecturer,Technology Ldrshp & Innovatn,"[('TLI', 21300), ('TLI', 21300), ('OLS', 45000)]",3,9,153,175
"Duval-Couetil, Nathalie A.",Professor,Technology Ldrshp & Innovatn,"[('TLI', 62600)]",1,3,7,40
"Ehlers, Shawn G.",Clinical Assistant Professor,Computer Information Tech,"[('CNIT', 51100)]",1,3,23,40
"El breidi, Farid Y.",Assistant Professor,School of Engineering Tech,"[('MET', 23000)]",1,3,108,112
"Elwakil, Emad",Professor and Associate Head for Graduate Programs and Research,Schl of Construction Mgmt Tech,"[('CM', 35000), ('CM', 58100)]",2,12,102,130
"Esmaeili, Ahmad",Student,Computer Information Tech,"[('CNIT', 17500)]",1,3,44,52
"Ewing, David L.",Lecturer,School of Engineering Tech,"[('MFET', 11301)]",1,3,5,25
"Faezipour, Miad",Associate Professor,School of Engineering Tech,"[('ECET', 22900)]",1,3,71,90
"Field, William E.",Professor,Computer Information Tech,"[('CNIT', 51100)]",1,3,23,40
"Flores, Abner D.",Senior Lecturer,Schl of Aviation & Transp Tech,"[('AT', 14400), ('AT', 14400), ('AT', 32501)]",3,11,214,312
"Forbes, Angus G.",Associate Professor,Computer Graphics Technology,"[('CGT', 58100)]",1,3,28,30
"Franklin, Jessica R.",Recruiting Officer for Air Force ROTC,Aerospace Studies,"[('AFT', 11000), ('AFT', 11000), ('AFT', 11000)]",3,3,62,144
"French, Richard M.",Professor,School of Engineering Tech,"[('MET', 34900), ('ENGT', 50900)]",2,6,63,80
"Fuerst, Travis J.",Assistant Professor of Practice,School of Engineering Tech,"[('MFET', 10301), ('MFET', 16300), ('MFET', 16300), ('MFET', 31301)]",4,10,696,850
"Gan, Dongming",Associate Professor,School of Engineering Tech,"[('MET', 31601), ('MET', 41100), ('ECET', 58100)]",3,6,21,101
"Gao, Yi",Associate Professor,Schl of Aviation & Transp Tech,"[('AT', 49800), ('AT', 54600)]",2,6,27,62
"Garcia Bravo, Jose M.",Associate Professor,School of Engineering Tech,"[('MET', 33400), ('MET', 43600), ('ENGT', 48000), ('ENGT', 48000), ('ENGT', 48100)]",5,15,273,319
"Garcia, Esteban",Associate Professor,Computer Graphics Technology,"[('CGT', 11800), ('CGT', 50100), ('CGT', 50100)]",3,7,249,370
"George, Sarah J.",Associate Professor of Practice,Schl of Construction Mgmt Tech,"[('CM', 26200)]",1,3,25,40
"Gephart, Raymond F.",Senior Continuing Lecturer,Schl of Aviation & Transp Tech,"[('AT', 35400)]",1,2,59,60
"Gilbert, Vicki L.","Recruting, Placement and Internship Coordinator",Schl of Aviation & Transp Tech,"[('AT', 29000)]",1,1,26,30
"Giri, Nandhini",Assistant Professor,Computer Graphics Technology,"[('CGT', 38500), ('CGT', 58100)]",2,6,49,60
"Glotzbach, Ronald J.",Associate Professor,Computer Graphics Technology,"[('CGT', 35300), ('CGT', 35600)]",2,6,53,90
"Gonzalez, Rey A.",Student,Computer Information Tech,"[('CNIT', 31500)]",1,3,86,100
"Gouwens, David W.",Continuing Lecturer,Schl of Aviation & Transp Tech,"[('AT', 10600), ('AT', 12700), ('AT', 37200)]",3,9,247,271
"Grant, Brandon C.",Assistant Professor,Technology Ldrshp & Innovatn,"[('OLS', 37800), ('TLI', 45580)]",2,6,53,85
"Guan, Shanyue",Assistant Professor,Schl of Construction Mgmt Tech,"[('CM', 25000)]",1,9,64,85
"Habben, Steven G.",Lecturer,Schl of Construction Mgmt Tech,"[('CM', 39000), ('CM', 49000)]",2,2,152,178
"Habig, Ashley E.",Clinical Assistant Professor,Schl of Aviation & Transp Tech,"[('AT', 20802), ('AT', 32001)]",2,6,40,42
"Hagovsky, Thomas C.",Associate Professor,Schl of Aviation & Transp Tech,"[('AT', 27800), ('AT', 49000)]",2,5,67,80
"Hammoud, Abrar",Clinical Assistant Professor,Purdue Polytechnic Inst Admin,"[('TECH', 33000)]",1,3,60,60
"Hammoud, Abrar",Clinical Assistant Professor,Technology Ldrshp & Innovatn,"[('OLS', 47700)]",1,3,45,45
"Han, Jung",Postdoctoral Researcher,Technology Ldrshp & Innovatn,"[('TLI', 66200)]",1,3,11,20
"Hands, Nicole M.",Clinical Assistant Professor,Computer Information Tech,"[('CNIT', 27000), ('CNIT', 41700), ('CNIT', 47000)]",3,9,310,351
"Hartman, Nathan W.",Dauch Family Professor of Advanced Manufacturing,School of Engineering Tech,"[('MFET', 51400)]",1,3,7,20
"Hassan, Raymond P.",Associate Professor of Practice,Computer Graphics Technology,"[('CGT', 24100), ('CGT', 33300), ('CGT', 34100)]",3,9,38,80
"He, Liang",Assistant Professor,Computer Graphics Technology,"[('CGT', 51200)]",1,3,41,50
"Henneberry, Debra",Assistant Professor,Schl of Aviation & Transp Tech,"[('AT', 22300), ('AT', 24900), ('AT', 25400)]",3,9,179,232
"Heslin, Paul E.",Recruiting Operations Officer Army ROTC,Military Science,"[('MSL', 10100), ('MSL', 10100), ('MSL', 10100), ('MSL', 20100), ('MSL', 20100), ('MSL', 30100), ('MSL', 30100), ('MSL', 40100)]",8,24,138,243
"Hiday, Lawrence A.",Professor of Practice,Computer Information Tech,"[('CNIT', 17600), ('CNIT', 45500)]",2,6,330,348
"Howard, Robert T.",Clinical Assistant Professor,Computer Graphics Technology,"[('CGT', 10501), ('CGT', 24500), ('CGT', 34500), ('CGT', 37500)]",4,12,306,423
"Howard, Robert T.",Clinical Assistant Professor,Computer Information Tech,"[('CNIT', 30600)]",1,3,14,189
"Huang, Amanda",Student,Computer Information Tech,"[('CNIT', 15501)]",1,3,120,126
"Hubbard, Bryan J.",Professor,Schl of Construction Mgmt Tech,"[('CM', 10000), ('CM', 20001), ('CM', 37100)]",3,12,256,290
"Hubbard, Sarah M.",Associate Professor,Schl of Aviation & Transp Tech,"[('AT', 35900), ('AT', 50500)]",2,6,61,70
"Hudson, Scott C.",Associate Professor of Naval Science,Naval Science,"[('NS', 11000), ('NS', 11000), ('NS', 21400), ('NS', 21400), ('NS', 31100), ('NS', 31100), ('NS', 35000), ('NS', 35000)]",8,24,107,226
"Hupy, Joseph P.",Associate Professor,Schl of Aviation & Transp Tech,"[('AT', 30901), ('AT', 58100)]",2,6,33,50
"Hutcheson, John S.",Senior Lecturer and Program Coordinator ,Technology Ldrshp & Innovatn,"[('TLI', 10000), ('OLS', 38600), ('TLI', 45800)]",3,7,142,202
"Hutzel, William J.",Professor,School of Engineering Tech,"[('MET', 22000), ('MET', 42100)]",2,6,91,101
"Jacob, James M.",Professor,School of Engineering Tech,"[('ECET', 27700), ('ECET', 38800)]",2,6,47,71
"Jenkins, James L.",Associate Professor and Associate Head of Undergraduate Programs,Schl of Construction Mgmt Tech,"[('CM', 10000), ('CM', 30001)]",2,9,246,260
"Johnson, Mary E.",Professor and Associate Head for Graduate Education and Research,Schl of Aviation & Transp Tech,"[('AT', 50800), ('AT', 50800)]",1,6,26,40
"Josekutty Thomas, Paul",Clinical Assistant Professor,Computer Information Tech,"[('CNIT', 18200), ('CNIT', 38000), ('CNIT', 48000)]",3,9,273,300
"Kang, Kyubyung",Assistant Professor,Schl of Construction Mgmt Tech,"[('CM', 10000), ('CM', 25000)]",2,12,216,255
"Kao, Dominic",Assistant Professor,Computer Information Tech,"[('CNIT', 25501), ('CNIT', 58100)]",2,6,190,200
"Karabiyik, Umit",Associate Professor,Computer Information Tech,"[('CNIT', 32300), ('CNIT', 42000), ('CNIT', 42100)]",3,9,123,240
"Karanam, Sai Ashish Kumar",Student,School of Engineering Tech,"[('MFET', 21301)]",1,3,15,30
"Karanki, Fecri",Assistant Professor,Schl of Aviation & Transp Tech,"[('AT', 20300), ('AT', 20300)]",2,6,82,88
"Karataev, Temirlan",Student,Computer Information Tech,"[('CNIT', 10500)]",1,3,246,290
"Keaton, Richard A.",Senior Military Science Instructor,Military Science,"[('MSL', 10100), ('MSL', 10100), ('MSL', 10100), ('MSL', 20100), ('MSL', 20100), ('MSL', 40100)]",6,16,100,179
"Keller, Julius C.",Associate Professor,Schl of Aviation & Transp Tech,"[('AT', 32700), ('AT', 57200)]",2,6,88,90
"Kesselman, Jeffrey P.",Assistant Professor,Computer Graphics Technology,"[('CGT', 21500), ('CGT', 24500), ('CGT', 38500)]",3,9,200,279
"Kesselman, Jeffrey P.",Assistant Professor,Computer Information Tech,"[('CNIT', 30600)]",1,3,14,189
"Khalil, Semal",Student,Purdue Polytechnic Inst Admin,"[('TECH', 22000), ('TECH', 22000), ('TECH', 22000), ('TECH', 22000)]",2,12,82,160
"Khalil, Semal",Student,Technology Ldrshp & Innovatn,"[('TLI', 36700), ('TLI', 36700)]",1,6,6,80
"Khan, Palwasha",Student,Computer Information Tech,"[('CNIT', 10500), ('CNIT', 15501)]",2,6,366,416
"Kilaz, Gozdem",Associate Professor,School of Engineering Tech,"[('MET', 14300), ('ENGT', 50100)]",2,4,161,161
"Kim, Garam",Assistant Professor,Schl of Aviation & Transp Tech,"[('AT', 29000), ('AT', 47200)]",2,5,46,78
"Kim, Noori",Assistant Professor,School of Engineering Tech,"[('ECET', 32700)]",1,3,53,54
"Kocsis, Jin",Associate Professor,Computer Information Tech,"[('CNIT', 48300), ('CNIT', 62300)]",2,6,46,60
"Kwiatek, Jennifer L.",Recruiting Officer for Navy ROTC,Naval Science,"[('NS', 11000), ('NS', 11000)]",2,6,33,96
"Ladisch, Michael R.",Distinguished Professor Ag and Bio Engineering,Technology Ldrshp & Innovatn,"[('TLI', 62600)]",1,3,7,40
"Larson, Derek G.",Assistant Professor,Computer Graphics Technology,"[('CGT', 12300), ('CGT', 12300), ('CGT', 54000)]",3,9,57,70
"Laux, Dawn D.",Assistant Dean of Academic Programs and Clinical Professor,Computer Information Tech,"[('CNIT', 13600), ('CNIT', 38101)]",2,6,330,340
"Le, Tho V.",Assistant Professor,School of Engineering Tech,"[('IET', 43640), ('IET', 44275)]",2,6,49,74
"Ledbetter, William C.",Lecturer,Computer Information Tech,"[('CNIT', 18000), ('CNIT', 32000), ('CNIT', 32200), ('CNIT', 37100)]",4,12,400,528
"Lee, Sunghwan",Associate Professor,School of Engineering Tech,"[('MET', 21100), ('MET', 21100)]",2,8,91,91
"Leon-Salas, Walter Daniel",Associate Professor,School of Engineering Tech,"[('ECET', 33900), ('ECET', 34900)]",2,6,112,105
"Lercel, Damon J.",Assistant Professor,Schl of Aviation & Transp Tech,"[('AT', 40900), ('AT', 44502)]",2,6,27,30
"Levitt, Stephen J.",Senior Lecturer,Schl of Aviation & Transp Tech,"[('AT', 41600)]",1,2,54,60
"Li, Tianyi",Assistant Professor,Computer Information Tech,"[('CNIT', 37200), ('CNIT', 58100)]",2,6,63,80
"Li, Xingyu",Assistant Professor,School of Engineering Tech,"[('MFET', 36100), ('MFET', 44000)]",2,6,44,48
"Lima, Vinicius d.",Student,Computer Graphics Technology,"[('CGT', 27000), ('CGT', 27000)]",2,6,108,145
"Linvill, Jennifer S.",Assistant Professor,Technology Ldrshp & Innovatn,"[('OLS', 34600)]",1,3,45,49
"Little, Stacey E.",Limited Term Lecturer,Technology Ldrshp & Innovatn,"[('TLI', 31500)]",1,3,71,110
"Lu, Chien-Tsung",Associate Professor,Schl of Aviation & Transp Tech,"[('AT', 41200), ('AT', 48100), ('AT', 67500)]",3,9,146,165
"Lu, Xiaonan",Associate Professor,School of Engineering Tech,"[('ECET', 33300), ('ECET', 58100)]",2,6,10,14
"Lucietto, Anne M.",Associate Professor,School of Engineering Tech,"[('MET', 31300), ('MET', 42200)]",2,6,63,120
"Magana Deleon, Alejandra J.",WC Furnas Professor in Enterprise Excellence. Computer and Information Technology and Professor in Engineering Education,Computer Information Tech,"[('CNIT', 28000), ('CNIT', 62300)]",2,6,110,115
"Maldonado-Ruiz, Allison M.",Associate Director of Retention and Diversity,Purdue Polytechnic Inst Admin,"[('TECH', 10000)]",1,1,20,45
"Maley, James G.",Assistant Professor of Practice,School of Engineering Tech,"[('IET', 23500), ('IET', 33100)]",2,6,33,40
"Manuel, Joseph R.",Assistant Professor of Practice,Schl of Construction Mgmt Tech,"[('CM', 15000), ('CM', 37600), ('CM', 45000)]",3,15,175,198
"Mao, Huachao",Assistant Professor,School of Engineering Tech,"[('MFET', 25000)]",1,3,4,20
"Marete, Caroline K.",Visiting Assistant Professor,Schl of Aviation & Transp Tech,"[('AT', 25200), ('AT', 25200), ('AT', 36201)]",3,9,167,225
"Martani, Claudio",Assistant Professor,Schl of Construction Mgmt Tech,"[('CM', 30001), ('CM', 33200)]",2,9,108,114
"Martinez, Benito A.",Assistant Director of Diversity and Retention,Purdue Polytechnic Inst Admin,"[('TECH', 10000)]",1,1,20,45
"Matson, Eric T.",Professor,Computer Information Tech,"[('CNIT', 32500)]",1,3,18,40
"Mcgraw, Tim E.",Associate Professor,Computer Graphics Technology,"[('CGT', 21500), ('CGT', 27001), ('CGT', 37700), ('CGT', 52000)]",4,10,83,129
"Mckenna, Joseph W.",Professor of Aerospace Studies ,Aerospace Studies,"[('AFT', 47100), ('AFT', 47100)]",2,6,45,64
"Mcpherson, Paul B.",Associate Professor of Practice,School of Engineering Tech,"[('MET', 30200), ('MET', 45200)]",2,6,24,53
"Meoli, Michael T.",Operations Flight Commander,Aerospace Studies,"[('AFT', 35100), ('AFT', 35100)]",2,6,42,60
"Merchant, Jason L.",Lecturer,Schl of Construction Mgmt Tech,"[('CM', 11000), ('CM', 15000), ('CM', 20001), ('CM', 35000)]",4,22,290,363
"Meredith, Tyler J.",Assistant Professor of Military Science,Military Science,"[('MSL', 10100), ('MSL', 10100), ('MSL', 10100)]",3,6,39,75
"Merrick, David D.",Lecturer,School of Engineering Tech,"[('ENGT', 48000), ('ENGT', 48000), ('ENGT', 48100)]",3,9,239,275
"Meyer, Corben D.",Senior Lecturer,Schl of Aviation & Transp Tech,"[('AT', 26200), ('AT', 30802)]",2,7,37,45
"Min, Byung-Cheol",Associate Professor and University Faculty Scholar,Computer Information Tech,"[('CNIT', 35500), ('CNIT', 58100)]",2,6,30,51
"Mitchell, George G.",Clinical Assistant Professor,Schl of Aviation & Transp Tech,"[('AT', 11600), ('AT', 11600), ('AT', 20700)]",3,9,108,110
"Morales, Carlos R.",Associate Professor,Computer Graphics Technology,"[('CGT', 14100), ('CGT', 14700), ('CGT', 41101)]",3,8,409,512
"Morris, Zachary L.",Professor of Naval Science,Naval Science,"[('NS', 11000), ('NS', 11000)]",2,6,33,96
"Mousas, Christos",Associate Professor,Computer Graphics Technology,"[('CGT', 39000), ('CGT', 51500)]",2,6,43,50
"Munguia, Antonia","Director of Recruitment, Retention, and Diversity",Purdue Polytechnic Inst Admin,"[('TECH', 10100)]",1,1,72,85
"Munguia, Ralph",Continuing Lecturer,School of Engineering Tech,"[('ENGT', 48000), ('ENGT', 48000), ('ENGT', 48100)]",3,9,239,275
"Nadig Anantha, Deepak",Assistant Professor,Computer Information Tech,"[('CNIT', 48101), ('CNIT', 62300)]",2,6,26,40
"Nanda, Gaurav",Assistant Professor,School of Engineering Tech,"[('IET', 23500), ('IET', 43530)]",2,6,72,76
"Nawrocki, Robert A.",Assistant Professor,School of Engineering Tech,"[('ECET', 22700)]",1,3,88,90
"Nelson, Christopher M.",Commanding Officer Navy ROTC,Naval Science,"[('NS', 41300)]",1,3,9,13
"Newell, Brittany A.",Associate Professor,School of Engineering Tech,"[('ENGT', 18200), ('ENGT', 18200), ('ENGT', 18200)]",3,12,341,360
"Newton, Kathryne A.",Professor and Interim Associate Dean for Research,Purdue Polytechnic Inst Admin,"[('TECH', 60100)]",1,1,25,50
"Newton, Kathryne A.",Professor and Interim Associate Dean for Research,School of Engineering Tech,"[('IET', 41400)]",1,3,20,45
"Obrien, Kathy M.",Administrative Assistant,Military Science,"[('MSL', 10100), ('MSL', 10100), ('MSL', 10100), ('MSL', 20100), ('MSL', 20100), ('MSL', 30100), ('MSL', 30100), ('MSL', 40100)]",8,24,138,243
"Ostanek, Jason K.",Assistant Professor,School of Engineering Tech,"[('MET', 42600)]",1,3,25,27
"Pandya, Rushikumar S.",Student,School of Engineering Tech,"[('IET', 31300)]",1,3,68,70
"Panigrahi, Suranjan",Professor,School of Engineering Tech,"[('ECET', 36900), ('ECET', 58100)]",2,6,47,54
"Pant, Rohan",Student,Computer Graphics Technology,"[('CGT', 35300), ('CGT', 35600)]",2,6,53,90
"Park, Cho Hyun",Assistant Professor,Technology Ldrshp & Innovatn,"[('TLI', 25500), ('TLI', 35570)]",2,6,52,90
"Park, Christopher J.",Unk,Computer Information Tech,"[('CNIT', 15501)]",1,3,120,126
"Parker, Thomas G.",Assistant Professor of Practice,Technology Ldrshp & Innovatn,"[('TLI', 31400)]",1,3,3,0
"Patankar, Sanjeevani M.",Student,Computer Graphics Technology,"[('CGT', 12300), ('CGT', 12300), ('CGT', 32101), ('CGT', 32101)]",4,12,105,110
"Plain, Craig D.",Professor,Technology Ldrshp & Innovatn,"[('TLI', 35510), ('TLI', 45560)]",2,6,20,70
"Plaskoff, Joshua A.",Senior Lecturer,Technology Ldrshp & Innovatn,"[('TLI', 11200), ('TLI', 11200)]",2,6,407,410
"Pradhan, Romila",Assistant Professor,Computer Information Tech,"[('CNIT', 48700), ('CNIT', 58100)]",2,6,13,40
"Pruim, Douglas E.",Clinical Assistant Professor,Purdue Polytechnic Inst Admin,"[('TECH', 34000)]",1,3,32,40
"Pruim, Douglas E.",Clinical Assistant Professor,Technology Ldrshp & Innovatn,"[('TLI', 46000)]",1,3,1,40
"Qureshi, Ahmed H.",Assistant Professor,School of Engineering Tech,"[('ECET', 58100)]",1,0,3,32
"Rakita, Milan",Assistant Professor of Practice,School of Engineering Tech,"[('MET', 24500)]",1,3,91,108
"Ramaswamy, Rohit",Student,Computer Information Tech,"[('CNIT', 10500)]",1,3,246,290
"Rapp, Randy R.","Purdue SCMT Named Professor of Disaster Restoration and Reconstruction, Associate Professor ",Schl of Construction Mgmt Tech,"[('CM', 10000), ('CM', 25000)]",2,12,216,255
"Rastgaar, Mo",Professor,School of Engineering Tech,"[('MET', 21300)]",1,3,104,108
"Rawles, Phillip T.",Associate Professor,Computer Information Tech,"[('CNIT', 45500)]",1,3,151,168
"Rayz, Julia M.",Professor and Associate Department Head,Computer Information Tech,"[('CNIT', 31500), ('CNIT', 51900), ('CNIT', 62300)]",3,7,110,130
"Renkert, Sarah R.",Assistant Professor of Practice,Purdue Polytechnic Inst Admin,"[('TECH', 22000), ('TECH', 22000)]",1,6,48,80
"Renkert, Sarah R.",Assistant Professor of Practice,Technology Ldrshp & Innovatn,"[('TLI', 36700), ('TLI', 36700)]",1,6,6,80
"Richards, Grant P.",Assistant Professor of Practice,School of Engineering Tech,"[('MFET', 23000), ('MET', 28400), ('ECET', 30201)]",3,9,134,320
"Richardson, Jeffrey J.",Assistant Professor of Practice,School of Engineering Tech,"[('ECET', 17900), ('ECET', 27000), ('ECET', 32300)]",3,9,128,141
"Ringenberg, Tatiana R.",Assistant Professor,Computer Information Tech,"[('CNIT', 62300)]",1,3,21,25
"Rogers, Marcus K.","Associate Dean for Faculty, Professor and Director of Cyber Forensics Lab",Computer Information Tech,"[('CNIT', 62300)]",1,3,7,20
"Ropp, Timothy D.",Clinical Professor,Schl of Aviation & Transp Tech,"[('AT', 49200), ('AT', 49600), ('AT', 49700)]",3,8,54,75
"Rose, Derek M.",Education Officer Air Force ROTC,Aerospace Studies,"[('AFT', 23000), ('AFT', 23000)]",2,2,41,96
"Rose, Nathan T.",Clinical Assistant Professor,Schl of Aviation & Transp Tech,"[('AT', 10901), ('AT', 20900), ('AT', 32501)]",3,9,142,148
"Russell, Jeremy D.",Military Science Instructor,Military Science,"[('MSL', 30100), ('MSL', 30100)]",2,8,38,64
"Salam, Abdul",Assistant Professor,Computer Information Tech,"[('CNIT', 58100), ('CNIT', 58100)]",2,6,4,38
"Salem, Tawfiq M.",Clinical Assistant Professor,Computer Information Tech,"[('CNIT', 10500), ('CNIT', 15501), ('CNIT', 17500)]",3,9,410,468
"Satre, William K.",Professor of Naval Science ,Naval Science,"[('NS', 35000), ('NS', 35000)]",2,6,41,40
"Sayedahmed, Adel E.",Assistant Professor,School of Engineering Tech,"[('ECET', 37600), ('ECET', 47600)]",2,6,60,63
"Schreiber, Zachary",Student,School of Engineering Tech,"[('ECET', 22400)]",1,3,106,106
"Scott, Regena L.",Assistant Professor of Practice,Technology Ldrshp & Innovatn,"[('TLI', 15200), ('TLI', 15200), ('TLI', 30000), ('OLS', 45400), ('OLS', 58300)]",5,13,347,380
"Sealy, Dominique W.",Assistant Professor,School of Engineering Tech,"[('MFET', 34400)]",1,3,77,93
"Seigfried-Spellar, Kathryn C.",Associate Professor,Computer Information Tech,"[('CNIT', 42200), ('CNIT', 42200), ('CNIT', 62300)]",3,9,87,100
"Sheffield, John W.",Professor,School of Engineering Tech,"[('MET', 32000)]",1,3,28,75
"Shinde, Rushali",Student,Computer Graphics Technology,"[('CGT', 14700)]",1,3,60,60
"Sigo, Justin E.",Student,Schl of Aviation & Transp Tech,"[('AT', 47600)]",1,3,46,54
"Smith, Anthony H.",Associate Professor,Computer Information Tech,"[('CNIT', 34600), ('CNIT', 58100)]",2,7,15,48
"Sparkling, Anthony E.",Assistant Professor,Schl of Construction Mgmt Tech,"[('CM', 10000), ('CM', 37400)]",2,6,158,200
"Springer, John A.",Professor,Computer Information Tech,"[('CNIT', 41500), ('CNIT', 57000)]",2,6,58,60
"Stephens, Matthew P.",Professor,School of Engineering Tech,"[('IET', 31600), ('IET', 33620)]",2,6,73,90
"Stirm, Brian H.",Air Operations Technical Specialist,Schl of Aviation & Transp Tech,"[('AT', 29000)]",1,1,46,50
"Strickland, Paul B.",Clinical Assistant Professor,Schl of Aviation & Transp Tech,"[('AT', 41600)]",1,2,54,60
"Strimel, Greg J.",Associate Professor,Purdue Polytechnic Inst Admin,"[('TECH', 34000)]",1,3,32,40
"Strimel, Greg J.",Associate Professor,Technology Ldrshp & Innovatn,"[('TLI', 36100), ('TLI', 46000)]",2,6,2,42
"Suckow, Michael W.",Professor of Practice and Associate Head for Engagement,Schl of Aviation & Transp Tech,"[('AT', 43800), ('AT', 47500), ('AT', 49401), ('AT', 49501)]",4,9,192,212
"Sun, Wenhai",Assistant Professor,Computer Information Tech,"[('CNIT', 37000), ('CNIT', 58100)]",2,6,103,120
"Sundararajan, Rajeswari",Associate Professor,School of Engineering Tech,"[('ECET', 27400), ('ECET', 38001)]",2,6,87,102
"Sutton, Mathias J.",Associate Head for Academic Affairs,School of Engineering Tech,"[('IET', 33400)]",1,3,56,60
"Tanoos, James J.",Clinical Associate Professor,School of Engineering Tech,"[('IET', 34300), ('IET', 44275)]",2,6,58,80
"Tao, Chengcheng",Assistant Professor,Schl of Construction Mgmt Tech,"[('CM', 20001), ('CM', 30001)]",2,12,181,180
"Thom, James M.",Associate Professor,Schl of Aviation & Transp Tech,"[('AT', 26700), ('AT', 38500)]",2,5,82,86
"Torres, Christopher M.",Assistant Professor of Military Science,Military Science,"[('MSL', 10100), ('MSL', 10100), ('MSL', 10100), ('MSL', 20100), ('MSL', 20100), ('MSL', 30100), ('MSL', 30100), ('MSL', 40100)]",8,24,138,243
"Triplett, Daniel P.",Assistant Professor of Practice,Computer Graphics Technology,"[('CGT', 11200), ('CGT', 11600), ('CGT', 24700)]",3,9,185,203
"Tyagi, Sonali",Student,Computer Information Tech,"[('CNIT', 42200)]",1,3,39,40
"Vhaduri, Sudip",Assistant Professor,Computer Information Tech,"[('CNIT', 27200), ('CNIT', 58100)]",2,6,181,195
"Vian, Wei",Assistant Professor of Practice,School of Engineering Tech,"[('MET', 11100), ('MET', 14400)]",2,6,216,240
"Voyles, Richard M.",Professor,School of Engineering Tech,"[('ECET', 58100), ('ECET', 58100)]",2,1,8,52
"Wallace, Lewie J.",Lecturer,Schl of Construction Mgmt Tech,"[('CM', 25000), ('CM', 35000)]",2,18,126,175
"Wang, Peng Hao",Assistant Professor,Schl of Aviation & Transp Tech,"[('AT', 26200), ('AT', 27200), ('AT', 30702)]",3,10,151,162
"Wang, Sen",Student,Schl of Aviation & Transp Tech,"[('AT', 10200)]",1,3,141,200
"Wang, Xiaoming",Associate Professor,School of Engineering Tech,"[('MET', 34600), ('MET', 44400), ('MET', 58100)]",3,9,71,110
"Weida, James R.",Lecturer,Schl of Construction Mgmt Tech,"[('CM', 25000)]",1,9,64,85
"White, Kevin C.",Professor of Military Science,Military Science,"[('MSL', 10100), ('MSL', 10100), ('MSL', 10100), ('MSL', 20100), ('MSL', 20100), ('MSL', 30100), ('MSL', 30100), ('MSL', 40100)]",8,24,138,243
"Whittinghill, David M.",Associate Professor,Computer Graphics Technology,"[('CGT', 36500), ('CGT', 36500), ('CGT', 38500), ('CGT', 54500)]",4,12,90,155
"Williams, Rua M.",Assistant Professor,Purdue Polytechnic Inst Admin,"[('TECH', 69700)]",1,3,41,45
"Wollin, Matthew K.",Unk,Technology Ldrshp & Innovatn,"[('TLI', 35560)]",1,3,15,25
"Wyman, Dan A.",Assistant Professor of Practice,Schl of Construction Mgmt Tech,"[('CM', 10000), ('CM', 30001), ('CM', 40000), ('CM', 45000)]",4,21,402,430
"Yang, Baijian",Professor,Computer Information Tech,"[('CNIT', 34000), ('CNIT', 62300)]",2,6,209,212
"Yother, Tracy L.",Assistant Professor,Schl of Aviation & Transp Tech,"[('AT', 36302), ('AT', 52600)]",2,7,39,53
"Zaman, Nasheet",Assistant Professor of Practice,Computer Graphics Technology,"[('CGT', 32101), ('CGT', 32101), ('CGT', 34000), ('CGT', 34000), ('CGT', 44200)]",5,15,158,195
"Zhang, Haiyan H.",Professor,School of Engineering Tech,"[('MET', 31400), ('MET', 48200)]",2,6,58,88
"Zhang, Jiansong",Associate Professor,Schl of Construction Mgmt Tech,"[('CM', 20001), ('CM', 58100)]",2,9,103,113
"Zhu, Yi",Student,Computer Information Tech,"[('CNIT', 17500)]",1,3,44,52
"Ziakkas, Dimitrios",Assistant Professor,Schl of Aviation & Transp Tech,"[('AT', 38800), ('AT', 53100), ('AT', 57400)]",3,9,62,105
"Zimpfer, Mark D.",Associate Professor of Practice,Schl of Construction Mgmt Tech,"[('CM', 10000), ('CM', 37600), ('CM', 45000)]",3,12,252,285
"Ziulkowski, Jonathon D.",Senior Lecturer,Schl of Aviation & Transp Tech,"[('AT', 10300), ('AT', 20200), ('AT', 20200)]",3,9,173,210
"Zuel, Brian C.",Assistant Professor of Practice,Computer Information Tech,"[('CNIT', 47100)]",1,3,18,40
