Instructor,Instructor_Title,Department,Courses,Course_count,Sum_MaxCredits,Sum_Enrollment,Sum_Capacity
"Adamo, Nicoletta",Professor and Interim Head of CGT,Computer Graphics Technology,"[('CGT', 54000), ('CGT', 59700)]",2,6.0,6,25
"Aguirre, Milton E.",Assistant Professor,School of Engineering Tech,"[('ENGT', 48000), ('ENGT', 48100), ('ENGT', 48100)]",3,9.0,200,275
"Ahmad, Aanis",Lecturer,Computer Graphics Technology,"[('CGT', 57500)]",1,3.0,16,20
"Alcorn, Brandon M.",Professor of Naval Science,Naval Science,"[('NS', 31000), ('NS', 31000)]",2,6.0,22,44
"Allison, Christopher S.",Lecturer,Schl of Construction Mgmt Tech,"[('CM', 10000), ('CM', 20000), ('CM', 33100), ('CM', 35000), ('CM', 41000)]",5,27.5,305,408
"Athinarayanan, Ragu",Professor,School of Engineering Tech,"[('IET', 33400)]",1,3.0,58,60
"Baigelenov, Ali",Student,Computer Graphics Technology,"[('CGT', 35600), ('CGT', 45600)]",2,6.0,37,80
"Bal, Siddhant",Student,Computer Graphics Technology,"[('CGT', 24100), ('CGT', 24100)]",2,6.0,57,60
"Balakuntala Srinivasa Mur, Mythra Varun",Student,School of Engineering Tech,"[('MFET', 44200)]",1,3.0,12,10
"Barber-Dansby, Andrea F.",Senior Lecturer,School of Engineering Tech,"[('IET', 43540)]",1,3.0,1,0
"Barlow, Victor M.",Assistant Professor,Computer Information Tech,"[('CNIT', 18000), ('CNIT', 38000)]",2,6.0,141,200
"Barnes, Donald K.",Assistant Professor of Practice,Schl of Aviation & Transp Tech,"[('AT', 26502), ('AT', 33502)]",2,6.0,83,108
"Baxmeyer, Adam W.",Airport Director,Schl of Aviation & Transp Tech,"[('AT', 45900)]",1,3.0,20,25
"Benhart, Bradley L.",Professor of Practice,Schl of Construction Mgmt Tech,"[('CM', 10000), ('CM', 20000), ('CM', 30000), ('CM', 40000), ('CM', 41000)]",5,27.5,299,411
"Berry, Frederick C.",Professor,School of Engineering Tech,"[('ENGT', 48000), ('ENGT', 48100), ('ENGT', 48100)]",3,9.0,200,275
"Besiktepe, Deniz",Assistant Professor,Schl of Construction Mgmt Tech,"[('CM', 20000), ('CM', 30000), ('CM', 58100)]",3,21.0,206,201
"Bhatt, Smriti",Assistant Professor,Computer Information Tech,"[('CNIT', 27100), ('CNIT', 58100)]",2,6.0,41,92
"Biggs, Jon D.",Limited Term Lecturer,School of Engineering Tech,"[('IET', 33100)]",1,3.0,24,40
"Bilotkach, Volodymyr",Associate Professor,Schl of Aviation & Transp Tech,"[('AT', 34001), ('AT', 35900), ('AT', 42101), ('AT', 54900)]",4,12.0,165,202
"Bosman, Lisa B.",Associate Professor,Technology Ldrshp & Innovatn,"[('TLI', 31400), ('OLS', 48400)]",2,6.0,86,97
"Briller, Sherylyn H.",Professor,Purdue Polytechnic Inst Admin,"[('TECH', 22000)]",1,3.0,19,40
"Briller, Sherylyn H.",Professor,Technology Ldrshp & Innovatn,"[('TLI', 36700)]",1,3.0,2,40
"Brunswicker, Sabine",Professor,Technology Ldrshp & Innovatn,"[('TLI', 62500)]",1,3.0,5,12
"Byrd, Vetria L.",Associate Professor,Computer Graphics Technology,"[('CGT', 27500), ('CGT', 57500)]",2,6.0,29,50
"Callahan, Kenneth",Professor of Aerospace Studies,Aerospace Studies,"[('AFT', 48100), ('AFT', 48100)]",2,6.0,37,64
"Chang, Soowon",Assistant Professor,Schl of Construction Mgmt Tech,"[('CM', 10000), ('CM', 15000), ('CM', 30000), ('CM', 33000), ('CM', 33100), ('CM', 35000), ('CM', 41000)]",7,39.5,389,524
"Chen, Yingjie",Professor,Computer Graphics Technology,"[('CGT', 37000), ('CGT', 58100)]",2,6.0,22,60
"Chen, Yunfeng",Associate Professor,Schl of Construction Mgmt Tech,"[('CM', 20000), ('CM', 41000), ('CM', 58100)]",3,12.5,128,225
"Cheung, April",Assistant Professor of Practice,School of Engineering Tech,"[('ECET', 17700), ('ECET', 27700), ('ECET', 27900)]",3,9.0,188,207
"Chou, Tzu-Chun",Student,Schl of Aviation & Transp Tech,"[('AT', 49800)]",1,3.0,42,44
"Churchill, Michael D.",Assistant Professor of Military Science,Military Science,"[('MSL', 10200), ('MSL', 10200), ('MSL', 10200)]",3,6.0,38,60
"Condron, James",Assistant Professor of Practice,School of Engineering Tech,"[('ENGT', 48000), ('ENGT', 48100), ('ENGT', 48100)]",3,9.0,200,275
"Cory, Clark A.",Associate Professor,Computer Graphics Technology,"[('CGT', 16400), ('CGT', 36000), ('CGT', 46000), ('CGT', 49000)]",4,11.0,252,335
"Cui, Dixuan",Student,Computer Graphics Technology,"[('CGT', 10301)]",1,3.0,71,75
"Cutter, Jason E.",Assistant Professor,Schl of Aviation & Transp Tech,"[('AT', 10000), ('AT', 35400)]",2,3.0,86,135
"Damarjian, Alex",Professor,Computer Graphics Technology,"[('CGT', 51800)]",1,3.0,20,25
"Davis, John M.",Associate Professor of Practice and Associate Head for Undergraduate Affairs,Schl of Aviation & Transp Tech,"[('AT', 37600), ('AT', 47600)]",2,7.0,77,90
"De Cresce El Debs, Luciana",Assistant Professor,Schl of Construction Mgmt Tech,"[('CM', 33000), ('CM', 33100), ('CM', 40000), ('CM', 41000)]",4,18.5,55,170
"Deadman, Robert C.",Clinical Assistant Professor,Computer Information Tech,"[('CNIT', 24000), ('CNIT', 24200), ('CNIT', 34400), ('CNIT', 34500)]",4,13.0,284,415
"Decker, Patrick",Assistant Professor of Military Science,Military Science,"[('MSL', 30200), ('MSL', 30200)]",2,8.0,29,40
"Deodeshmukh, Rashmi B.",Assistant Professor of Practice,School of Engineering Tech,"[('ECET', 27900), ('ECET', 32700)]",2,6.0,2,0
"Dib, Hazar N.",Associate Professor,Schl of Construction Mgmt Tech,"[('CM', 25000), ('CM', 35000), ('CM', 41000)]",3,18.5,216,301
"Dietz, James E.",Professor,Computer Information Tech,"[('CNIT', 51200), ('CNIT', 58100)]",2,6.0,51,60
"Dillman, Brian G.",Associate Professor,Schl of Aviation & Transp Tech,"[('AT', 35200)]",1,4.0,30,40
"Dittman, Kevin C.",Associate Professor,Computer Information Tech,"[('CNIT', 38101), ('CNIT', 58000)]",2,6.0,21,40
"Dorribo Camba, Jorge",Associate Professor,Computer Graphics Technology,"[('CGT', 30301), ('CGT', 63400)]",2,6.0,21,45
"Dubikovsky, Sergey I.",Associate Professor,Schl of Aviation & Transp Tech,"[('AT', 20501), ('AT', 30802)]",2,6.0,62,71
"Dunlap, Duane D.",Professor and Chair,School of Engineering Tech,"[('MET', 52700)]",1,3.0,20,21
"Dunlop, Steven R.",Limited Term Lecturer,Technology Ldrshp & Innovatn,"[('TLI', 21300), ('TLI', 21300)]",2,6.0,116,144
"Durango-Cogollo, Marvin R.",Student,School of Engineering Tech,"[('MET', 33400)]",1,3.0,33,48
"Dyrenfurth, Michael J.",Associate Professor,Purdue Polytechnic Inst Admin,"[('TECH', 64600)]",1,3.0,33,50
"Ehlers, Shawn G.",Clinical Assistant Professor,Computer Information Tech,"[('CNIT', 51200)]",1,3.0,29,40
"El Breidi, Khalil",Student,Computer Information Tech,"[('CNIT', 17500)]",1,3.0,40,40
"El breidi, Farid Y.",Assistant Professor,School of Engineering Tech,"[('MET', 23000), ('MET', 43200)]",2,6.0,76,89
"Elliott, Stephen J.",Associate Dean for Academic Programs,School of Engineering Tech,"[('IET', 31300)]",1,3.0,50,50
"Elwakil, Emad",Professor and Associate Head for Graduate Programs and Research,Schl of Construction Mgmt Tech,"[('CM', 35000), ('CM', 41000), ('CM', 55000)]",3,12.5,163,236
"Emery, Jonathan M.",Unk,Naval Science,"[('NS', 44000)]",1,3.0,12,40
"Esmaeili, Ahmad",Student,Computer Information Tech,"[('CNIT', 17500)]",1,3.0,40,40
"Ewing, David L.",Lecturer,Computer Graphics Technology,"[('CGT', 11301)]",1,3.0,11,20
"Faezipour, Miad",Associate Professor,School of Engineering Tech,"[('ECET', 22900)]",1,3.0,36,45
"Flores, Abner D.",Senior Lecturer,Schl of Aviation & Transp Tech,"[('AT', 14400), ('AT', 20200), ('AT', 22300)]",3,10.0,124,160
"Forbes, Angus G.",Associate Professor,Computer Graphics Technology,"[('CGT', 27000)]",1,3.0,117,120
"French, Richard M.",Professor,School of Engineering Tech,"[('MET', 21300), ('MET', 49000)]",2,6.0,93,110
"Fuerst, Travis J.",Assistant Professor of Practice,Computer Graphics Technology,"[('CGT', 10301), ('CGT', 16300), ('CGT', 16300)]",3,7.0,614,669
"Gamez-Djokic, Monica",Assistant Professor,Technology Ldrshp & Innovatn,"[('OLS', 48700)]",1,3.0,19,40
"Gan, Dongming",Associate Professor,School of Engineering Tech,"[('MET', 31601), ('MFET', 44200)]",2,6.0,37,35
"Gao, Yi",Associate Professor,Schl of Aviation & Transp Tech,"[('AT', 33800), ('AT', 54700)]",2,6.0,77,90
"Garcia Bravo, Jose M.",Associate Professor,School of Engineering Tech,"[('MET', 33400), ('ECET', 38001)]",2,6.0,121,138
"Garcia, Esteban",Associate Professor,Computer Graphics Technology,"[('CGT', 11800), ('CGT', 50100), ('CGT', 50100), ('CGT', 50100)]",4,7.0,130,172
"Garcia, Jason M.",Instructor ,Military Science,"[('MSL', 10200), ('MSL', 10200), ('MSL', 10200), ('MSL', 20200), ('MSL', 20200), ('MSL', 30200), ('MSL', 30200), ('MSL', 40200)]",8,24.0,145,220
"George, Sarah J.",Associate Professor of Practice,Computer Graphics Technology,"[('CGT', 26000)]",1,3.0,17,50
"Gephart, Raymond F.",Senior Continuing Lecturer,Schl of Aviation & Transp Tech,"[('AT', 35400)]",1,2.0,41,60
"Gilbert, Vicki L.","Recruting, Placement and Internship Coordinator",Schl of Aviation & Transp Tech,"[('AT', 29000)]",1,1.0,24,30
"Giri, Nandhini",Assistant Professor,Computer Graphics Technology,"[('CGT', 20500), ('CGT', 40500), ('CGT', 58100)]",3,3.0,148,320
"Glotzbach, Ronald J.",Associate Professor,Computer Graphics Technology,"[('CGT', 25001), ('CGT', 35600), ('CGT', 45001), ('CGT', 45600)]",4,8.0,354,480
"Gouwens, David W.",Continuing Lecturer,Schl of Aviation & Transp Tech,"[('AT', 12700), ('AT', 37200)]",2,6.0,47,78
"Grant, Brandon C.",Assistant Professor,Technology Ldrshp & Innovatn,"[('OLS', 37800), ('TLI', 45590)]",2,6.0,57,85
"Guan, Shanyue",Assistant Professor,Schl of Construction Mgmt Tech,"[('CM', 25000), ('CM', 30000), ('CM', 35000)]",3,27.0,284,282
"Guo, Siqi",Student,Computer Graphics Technology,"[('CGT', 34100), ('CGT', 44200)]",2,6.0,45,60
"Habben, Steven G.",Lecturer,Schl of Construction Mgmt Tech,"[('CM', 39000), ('CM', 49000)]",2,2.0,148,178
"Habig, Ashley E.",Clinical Assistant Professor,Schl of Aviation & Transp Tech,"[('AT', 20802), ('AT', 20802), ('AT', 32001)]",3,9.0,83,108
"Hagovsky, Thomas C.",Associate Professor,Schl of Aviation & Transp Tech,"[('AT', 27800), ('AT', 49000)]",2,5.0,28,55
"Hammoud, Abrar",Clinical Assistant Professor,Purdue Polytechnic Inst Admin,"[('TECH', 33000)]",1,3.0,53,55
"Hammoud, Abrar",Clinical Assistant Professor,Technology Ldrshp & Innovatn,"[('TLI', 20000)]",1,1.0,39,60
"Hands, Nicole M.",Clinical Assistant Professor,Computer Information Tech,"[('CNIT', 27000), ('CNIT', 47000), ('CNIT', 58100)]",3,9.0,234,271
"Hassan, Raymond P.",Associate Professor of Practice,Computer Graphics Technology,"[('CGT', 24100), ('CGT', 24100), ('CGT', 34100)]",3,9.0,87,90
"Henneberry, Debra",Assistant Professor,Schl of Aviation & Transp Tech,"[('AT', 24900), ('AT', 25400), ('AT', 25400)]",3,9.0,173,201
"Heslin, Paul E.",Recruiting Operations Officer Army ROTC,Military Science,"[('MSL', 10200), ('MSL', 10200), ('MSL', 10200), ('MSL', 20200), ('MSL', 20200), ('MSL', 30200), ('MSL', 30200), ('MSL', 40200)]",8,24.0,145,220
"Howard, Robert T.",Clinical Assistant Professor,Computer Graphics Technology,"[('CGT', 10501), ('CGT', 20500), ('CGT', 25500), ('CGT', 33500), ('CGT', 39000), ('CGT', 40500)]",6,12.0,328,645
"Howard, Robert T.",Clinical Assistant Professor,Computer Information Tech,"[('CNIT', 30800)]",1,3.0,2,120
"Hubbard, Bryan J.",Professor,Schl of Construction Mgmt Tech,"[('CM', 10000), ('CM', 20000), ('CM', 30000), ('CM', 33000), ('CM', 33100), ('CM', 41000)]",6,33.5,287,401
"Huber, Sarah E.",Associate Professor,School of Engineering Tech,"[('ECET', 38001)]",1,3.0,88,90
"Hudson, Scott C.",Associate Professor of Naval Science,Naval Science,"[('NS', 41300), ('NS', 41300)]",2,6.0,22,28
"Huggett, Christopher",Assistant Professor of Military Science,Military Science,"[('MSL', 30200), ('MSL', 30200)]",2,8.0,29,40
"Hupy, Joseph P.",Associate Professor,Schl of Aviation & Transp Tech,"[('AT', 31900), ('AT', 41901)]",2,6.0,28,35
"Hurt, Andrew C.",Limited Term Lecturer,Technology Ldrshp & Innovatn,"[('TLI', 35520)]",1,3.0,21,49
"Huston, Davin H.",Continuing Lecturer,School of Engineering Tech,"[('ECET', 35901), ('ECET', 38001), ('ECET', 42800)]",3,9.0,117,121
"Hutcheson, John S.",Senior Lecturer and Program Coordinator ,Technology Ldrshp & Innovatn,"[('OLS', 38600), ('TLI', 45800)]",2,6.0,118,165
"Hutzel, William J.",Professor,School of Engineering Tech,"[('MET', 22000), ('MET', 42100)]",2,6.0,51,84
"Jacob, James M.",Professor,School of Engineering Tech,"[('ECET', 27700), ('ECET', 31800), ('ECET', 33700)]",3,9.0,137,147
"Jaiyeoba, Oluwaseyi",Student,Computer Graphics Technology,"[('CGT', 27500)]",1,3.0,13,30
"Jenkins, James L.",Associate Professor and Associate Head of Undergraduate Programs,Schl of Construction Mgmt Tech,"[('CM', 10000), ('CM', 30000), ('CM', 40000), ('CM', 41000)]",4,18.5,200,321
"Johnson, Mary E.",Professor and Associate Head for Graduate Education and Research,Schl of Aviation & Transp Tech,"[('AT', 52500), ('AT', 64000)]",2,6.0,27,40
"Josekutty Thomas, Paul",Clinical Assistant Professor,Computer Information Tech,"[('CNIT', 18200), ('CNIT', 48000)]",2,6.0,167,195
"Kang, Kyubyung",Assistant Professor,Schl of Construction Mgmt Tech,"[('CM', 10000), ('CM', 20000), ('CM', 25000), ('CM', 30000), ('CM', 58100)]",5,33.0,369,394
"Kao, Dominic",Assistant Professor,Computer Information Tech,"[('CNIT', 25501), ('CNIT', 58100)]",2,6.0,184,200
"Karabiyik, Umit",Associate Professor,Computer Information Tech,"[('CNIT', 42300), ('CNIT', 52500)]",2,6.0,11,48
"Karanki, Fecri",Assistant Professor,Schl of Aviation & Transp Tech,"[('AT', 20300), ('AT', 50700)]",2,6.0,46,88
"Keaton, Richard A.",Senior Military Science Instructor,Military Science,"[('MSL', 20200), ('MSL', 20200)]",2,6.0,48,72
"Keller, Julius C.",Associate Professor,Schl of Aviation & Transp Tech,"[('AT', 32700)]",1,3.0,51,60
"Kelley, Todd R.",Professor and Interim Department Head TLI,Purdue Polytechnic Inst Admin,"[('TECH', 22000), ('TECH', 22000)]",2,6.0,33,80
"Kelley, Todd R.",Professor and Interim Department Head TLI,Technology Ldrshp & Innovatn,"[('TLI', 36700), ('TLI', 36700)]",2,6.0,3,80
"Kesselman, Jeffrey P.",Assistant Professor,Computer Graphics Technology,"[('CGT', 20500), ('CGT', 21500), ('CGT', 40500), ('CGT', 58100)]",4,6.0,153,345
"Khan, Tahir M.",Assistant Professor,Computer Information Tech,"[('CNIT', 42000), ('CNIT', 47100), ('CNIT', 58100)]",3,9.0,236,250
"Kim, Garam",Assistant Professor,Schl of Aviation & Transp Tech,"[('AT', 47200)]",1,3.0,33,40
"Kim, Noori",Assistant Professor,School of Engineering Tech,"[('ECET', 32700)]",1,3.0,27,28
"Kleiman-Redden, Edna E.",Professor,Technology Ldrshp & Innovatn,"[('OLS', 45000)]",1,3.0,34,40
"Kocsis, Jin",Associate Professor,Computer Information Tech,"[('CNIT', 48300), ('CNIT', 62300)]",2,6.0,20,40
"Kulkarni, Shruti M.",Student,Computer Graphics Technology,"[('CGT', 26000), ('CGT', 36000), ('CGT', 46000)]",3,9.0,125,200
"Kwiatek, Jennifer L.",Recruiting Officer for Navy ROTC,Naval Science,"[('NS', 21200), ('NS', 21200)]",2,6.0,65,80
"Laux, Chad M.",Associate Professor,Computer Information Tech,"[('CNIT', 48200), ('CNIT', 58100)]",2,6.0,17,40
"Laux, Dawn D.",Assistant Dean of Academic Programs and Clinical Professor,Computer Information Tech,"[('CNIT', 13600), ('CNIT', 38101)]",2,6.0,336,340
"Le, Kathleen H.",Instructor ,Aerospace Studies,"[('AFT', 12000), ('AFT', 12000), ('AFT', 12000)]",3,3.0,55,132
"Le, Tho V.",Assistant Professor,School of Engineering Tech,"[('IET', 43640)]",1,3.0,32,100
"Ledbetter, William C.",Student,Computer Information Tech,"[('CNIT', 18000), ('CNIT', 32000), ('CNIT', 38000)]",3,9.0,234,340
"Lee, Sunghwan",Associate Professor,School of Engineering Tech,"[('MET', 21100)]",1,4.0,42,54
"Leon-Salas, Walter Daniel",Associate Professor,School of Engineering Tech,"[('ECET', 43900), ('ECET', 58100)]",2,6.0,13,28
"Lercel, Damon J.",Assistant Professor,Schl of Aviation & Transp Tech,"[('AT', 44502), ('AT', 52800)]",2,6.0,29,60
"Li, Tianyi",Assistant Professor,Computer Information Tech,"[('CNIT', 37200), ('CNIT', 48101)]",2,6.0,34,48
"Liu, Heming",Student,School of Engineering Tech,"[('MET', 43200)]",1,3.0,13,14
"Lu, Chien-Tsung",Associate Professor,Schl of Aviation & Transp Tech,"[('AT', 38100), ('AT', 41200), ('AT', 49800), ('AT', 57300)]",4,12.0,104,139
"Lu, Xiaonan",Associate Professor,School of Engineering Tech,"[('ECET', 37300)]",1,3.0,9,10
"Lucietto, Anne M.",Associate Professor,School of Engineering Tech,"[('MET', 31300), ('MET', 42200)]",2,6.0,78,105
"Magana Deleon, Alejandra J.",WC Furnas Professor in Enterprise Excellence. Computer and Information Technology and Professor in Engineering Education,Computer Information Tech,"[('CNIT', 28000)]",1,3.0,153,180
"Maley, James G.",Assistant Professor of Practice,School of Engineering Tech,"[('IET', 43630), ('IET', 43640)]",2,6.0,3,0
"Mansoor, Maira",Student,Computer Graphics Technology,"[('CGT', 27000)]",1,3.0,117,120
"Manuel, Joseph R.",Assistant Professor of Practice,Schl of Construction Mgmt Tech,"[('CM', 15000), ('CM', 20000), ('CM', 36200), ('CM', 41000)]",4,17.5,221,295
"Mao, Huachao",Assistant Professor,School of Engineering Tech,"[('MET', 41100)]",1,3.0,14,24
"Marete, Caroline K.",Visiting Assistant Professor,Schl of Aviation & Transp Tech,"[('AT', 20300), ('AT', 42101)]",2,6.0,104,110
"Martani, Claudio",Assistant Professor,Schl of Construction Mgmt Tech,"[('CM', 30000), ('CM', 58100)]",2,12.0,116,121
"Matson, Eric T.",Professor,Computer Information Tech,"[('CNIT', 32500)]",1,3.0,19,40
"Mcgraw, Tim E.",Associate Professor,Computer Graphics Technology,"[('CGT', 25001), ('CGT', 45001), ('CGT', 52100), ('CGT', 58100)]",4,8.0,334,440
"Mcpherson, Paul B.",Associate Professor of Practice,School of Engineering Tech,"[('MET', 10200), ('MET', 10200), ('MET', 45100)]",3,9.0,122,130
"Mentzer, Nathan",Professor,Purdue Polytechnic Inst Admin,"[('TECH', 62100)]",1,1.0,3,25
"Meoli, Michael T.",Operations Flight Commander,Aerospace Studies,"[('AFT', 36100), ('AFT', 36100)]",2,6.0,29,80
"Merchant, Jason L.",Lecturer,Schl of Construction Mgmt Tech,"[('CM', 11000), ('CM', 15000), ('CM', 20000), ('CM', 35000)]",4,25.0,390,419
"Merrick, David D.",Lecturer,School of Engineering Tech,"[('ENGT', 48000), ('ENGT', 48100), ('ENGT', 48100)]",3,9.0,200,275
"Mickelson, Bert W.",Assistant Professor of Military Science,Military Science,"[('MSL', 30200)]",1,4.0,18,20
"Min, Byung-Cheol",Associate Professor and University Faculty Scholar,Computer Information Tech,"[('CNIT', 42500), ('CNIT', 58100), ('CNIT', 58100)]",2,9.0,34,60
"Mitchell, George G.",Clinical Assistant Professor,Schl of Aviation & Transp Tech,"[('AT', 11600), ('AT', 20700), ('AT', 20700)]",3,9.0,66,94
"Morales, Carlos R.",Associate Professor,Computer Graphics Technology,"[('CGT', 14100), ('CGT', 14700), ('CGT', 41201)]",3,8.0,242,334
"Morris, Zachary L.",Professor of Naval Science,Naval Science,"[('NS', 21300)]",1,3.0,13,30
"Mousas, Christos",Associate Professor,Computer Graphics Technology,"[('CGT', 20500), ('CGT', 40500), ('CGT', 44500), ('CGT', 58100), ('CGT', 59700)]",5,9.0,183,385
"Munguia, Ralph",Continuing Lecturer,School of Engineering Tech,"[('ENGT', 48000), ('ENGT', 48100), ('ENGT', 48100)]",3,9.0,200,275
"Nadig Anantha, Deepak",Assistant Professor,Computer Information Tech,"[('CNIT', 17600), ('CNIT', 48101)]",2,6.0,278,330
"Nanda, Gaurav",Assistant Professor,School of Engineering Tech,"[('IET', 33520), ('IET', 33520), ('IET', 34200)]",3,9.0,61,135
"Nawrocki, Robert A.",Assistant Professor,School of Engineering Tech,"[('ECET', 22700)]",1,3.0,49,60
"Nelson, Christopher M.",Commanding Officer Navy ROTC,Naval Science,"[('NS', 41300), ('NS', 41300)]",2,6.0,22,28
"Nelson, Michael G.",Student,Computer Graphics Technology,"[('CGT', 41201)]",1,2.0,140,200
"Newell, Brittany A.",Associate Professor,School of Engineering Tech,"[('ENGT', 18200), ('ENGT', 18200)]",2,8.0,103,144
"Newton, Kathryne A.",Professor and Interim Associate Dean for Research,School of Engineering Tech,"[('IET', 44500)]",1,3.0,25,30
"Nicholson, Dale C.",Lecturer,School of Engineering Tech,"[('MET', 31700)]",1,3.0,28,30
"Obrien, Kathy M.",Administrative Assistant,Military Science,"[('MSL', 10200), ('MSL', 10200), ('MSL', 10200), ('MSL', 30200), ('MSL', 40200)]",5,14.0,86,128
"Padfield, Jon R.",Assistant Professor,Computer Information Tech,"[('CNIT', 58100)]",1,3.0,2,30
"Panigrahi, Suranjan",Professor,School of Engineering Tech,"[('ECET', 32900)]",1,3.0,28,30
"Park, Cho Hyun",Assistant Professor,Technology Ldrshp & Innovatn,"[('TLI', 35580)]",1,3.0,23,45
"Parsons, Paul",Associate Professor,Computer Graphics Technology,"[('CGT', 49800), ('CGT', 59700)]",2,9.0,17,21
"Patankar, Manoj S.",Raisbeck Engineering Professor AT,Schl of Aviation & Transp Tech,"[('AT', 47500), ('AT', 50500), ('AT', 57300)]",3,9.0,75,117
"Peoples, Timothy R.",Associate Administrative,Purdue Polytechnic Inst Admin,"[('TECH', 58100)]",1,2.0,2,120
"Plain, Craig D.",Professor,Technology Ldrshp & Innovatn,"[('TLI', 45560)]",1,3.0,15,30
"Plaskoff, Joshua A.",Senior Lecturer,Technology Ldrshp & Innovatn,"[('TLI', 11200), ('TLI', 11200), ('TLI', 35530)]",3,9.0,443,617
"Pradhan, Romila",Assistant Professor,Computer Information Tech,"[('CNIT', 39200), ('CNIT', 58100)]",2,6.0,69,92
"Pruim, Douglas E.",Clinical Assistant Professor,Purdue Polytechnic Inst Admin,"[('TECH', 34000)]",1,3.0,31,40
"Pruim, Douglas E.",Clinical Assistant Professor,Technology Ldrshp & Innovatn,"[('TLI', 46000)]",1,3.0,3,40
"Pullen, Keegan C.",Student,Schl of Aviation & Transp Tech,"[('AT', 30702)]",1,3.0,25,42
"Rakita, Milan",Assistant Professor of Practice,School of Engineering Tech,"[('MET', 24500), ('MET', 34600)]",2,6.0,133,164
"Rapp, Randy R.","Purdue SCMT Named Professor of Disaster Restoration and Reconstruction, Associate Professor ",Schl of Construction Mgmt Tech,"[('CM', 10000), ('CM', 25000), ('CM', 35000), ('CM', 41000)]",4,21.5,292,401
"Raskin, Victor",Distinguished Professor,Computer Information Tech,"[('CNIT', 58100)]",1,3.0,6,5
"Rawles, Phillip T.",Associate Professor,Computer Information Tech,"[('CNIT', 34210), ('CNIT', 34220), ('CNIT', 45500)]",3,7.0,188,215
"Rayz, Julia M.",Professor and Associate Department Head,Computer Information Tech,"[('CNIT', 31500), ('CNIT', 58100)]",2,6.0,141,145
"Renkert, Sarah R.",Assistant Professor of Practice,Purdue Polytechnic Inst Admin,"[('TECH', 22000)]",1,3.0,14,40
"Renkert, Sarah R.",Assistant Professor of Practice,Technology Ldrshp & Innovatn,"[('TLI', 36700)]",1,3.0,1,40
"Richards, Grant P.",Assistant Professor of Practice,School of Engineering Tech,"[('MET', 28400), ('ECET', 30201), ('MFET', 37400)]",3,9.0,184,366
"Richardson, Jeffrey J.",Assistant Professor of Practice,School of Engineering Tech,"[('ECET', 17900), ('ECET', 27000), ('ECET', 42301)]",3,9.0,151,160
"Ringenberg, Tatiana R.",Assistant Professor,Computer Information Tech,"[('CNIT', 32200), ('CNIT', 62300)]",2,6.0,61,60
"Rogers, Marcus K.","Associate Dean for Faculty, Professor and Director of Cyber Forensics Lab",Computer Information Tech,"[('CNIT', 55600), ('CNIT', 62300)]",2,6.0,27,44
"Ropp, Timothy D.",Clinical Professor,Schl of Aviation & Transp Tech,"[('AT', 49200), ('AT', 49600), ('AT', 49700)]",3,8.0,72,95
"Rose, Nathan T.",Clinical Assistant Professor,Schl of Aviation & Transp Tech,"[('AT', 11901), ('AT', 21900), ('AT', 32501)]",3,9.0,93,130
"Russell, Jeremy D.",Military Science Instructor,Military Science,"[('MSL', 30200), ('MSL', 30200)]",2,8.0,29,40
"Salam, Abdul",Assistant Professor,Computer Information Tech,"[('CNIT', 44500), ('CNIT', 62300)]",2,6.0,7,36
"Salem, Tawfiq M.",Clinical Assistant Professor,Computer Information Tech,"[('CNIT', 10500), ('CNIT', 15501), ('CNIT', 17500)]",3,9.0,380,392
"Saraswat, Dharmendra",Associate Professor,Computer Graphics Technology,"[('CGT', 57500)]",1,3.0,16,20
"Sayedahmed, Adel E.",Assistant Professor,School of Engineering Tech,"[('ECET', 43600)]",1,3.0,14,15
"Schreckengast, Stewart W.",Limited Term Lecturer,Schl of Aviation & Transp Tech,"[('AT', 53200)]",1,3.0,17,22
"Schreiber, Zachary",Student,School of Engineering Tech,"[('ECET', 22400)]",1,3.0,144,150
"Scott, Regena L.",Assistant Professor of Practice,Technology Ldrshp & Innovatn,"[('TLI', 15200), ('TLI', 15200), ('OLS', 45400), ('OLS', 58300)]",4,12.0,308,310
"Sealy, Dominique W.",Assistant Professor,School of Engineering Tech,"[('MFET', 24800)]",1,3.0,51,72
"Seigfried-Spellar, Kathryn C.",Associate Professor,Computer Information Tech,"[('CNIT', 42200), ('CNIT', 60100), ('CNIT', 62300)]",3,9.0,140,141
"Sheffield, John W.",Professor,School of Engineering Tech,"[('MET', 32000)]",1,3.0,72,120
"Smith, Anthony H.",Associate Professor,Computer Information Tech,"[('CNIT', 34600), ('CNIT', 45600)]",2,7.0,33,48
"Soto Ortiz, Sebastian",Student,Schl of Construction Mgmt Tech,"[('CM', 40000)]",1,6.0,26,40
"Sparkling, Anthony E.",Assistant Professor,Schl of Construction Mgmt Tech,"[('CM', 10000), ('CM', 30000), ('CM', 36200), ('CM', 41000)]",4,14.5,190,281
"Springer, John A.",Professor,Computer Information Tech,"[('CNIT', 48400), ('CNIT', 57000)]",2,6.0,65,64
"Starr, Todd A.",Adjunct Professor,Schl of Construction Mgmt Tech,"[('CM', 25000), ('CM', 35000)]",2,18.0,201,201
"Stephens, Matthew P.",Professor,School of Engineering Tech,"[('IET', 31600), ('IET', 43540), ('IET', 43630)]",3,9.0,104,175
"Sterkenburg, Ronald",Professor,Schl of Aviation & Transp Tech,"[('AT', 27200)]",1,3.0,40,40
"Strickland, Paul B.",Clinical Assistant Professor,Schl of Aviation & Transp Tech,"[('AT', 41600)]",1,2.0,72,72
"Strimel, Greg J.",Associate Professor,Purdue Polytechnic Inst Admin,"[('TECH', 34000)]",1,3.0,31,40
"Strimel, Greg J.",Associate Professor,Technology Ldrshp & Innovatn,"[('TLI', 46000)]",1,3.0,3,40
"Suckow, Michael W.",Professor of Practice and Associate Head for Engagement,Schl of Aviation & Transp Tech,"[('AT', 47500), ('AT', 49401), ('AT', 49501)]",3,6.0,155,164
"Sun, Wenhai",Assistant Professor,Computer Information Tech,"[('CNIT', 37000), ('CNIT', 48101)]",2,6.0,129,130
"Sundararajan, Rajeswari",Associate Professor,School of Engineering Tech,"[('ECET', 27400)]",1,3.0,55,60
"Sutton, Mathias J.",Associate Head for Academic Affairs,School of Engineering Tech,"[('IET', 33400)]",1,3.0,60,60
"Swanson, Dewey A.",Associate Professor,Computer Information Tech,"[('CNIT', 39200)]",1,3.0,1,0
"Tanoos, James J.",Clinical Associate Professor,School of Engineering Tech,"[('IET', 34300), ('IET', 34350)]",2,6.0,43,102
"Tao, Chengcheng",Assistant Professor,Schl of Construction Mgmt Tech,"[('CM', 20000), ('CM', 30000), ('CM', 41000)]",3,18.5,197,271
"Thom, James M.",Associate Professor,Schl of Aviation & Transp Tech,"[('AT', 26700), ('AT', 38500)]",2,5.0,63,84
"Toombs, Austin L.",Associate Professor,Computer Graphics Technology,"[('CGT', 49800)]",1,3.0,0,5
"Torbica, Zeljko M.",Professor,Schl of Construction Mgmt Tech,"[('CM', 10000), ('CM', 20000), ('CM', 30000), ('CM', 45000)]",4,27.0,356,376
"Torres, Christopher M.",Assistant Professor of Military Science,Military Science,"[('MSL', 10200), ('MSL', 10200), ('MSL', 10200)]",3,6.0,38,60
"Triplett, Daniel P.",Assistant Professor of Practice,Computer Graphics Technology,"[('CGT', 11200), ('CGT', 11600), ('CGT', 11600), ('CGT', 20500), ('CGT', 34800), ('CGT', 40500)]",5,12.0,441,665
Unk,Unk,Computer Graphics Technology,"[('CGT', 59700), ('CGT', 59700)]",2,6.0,0,0
Unk,Unk,Schl of Aviation & Transp Tech,"[('AT', 48000)]",1,3.0,0,0
"Vhaduri, Sudip",Assistant Professor,Computer Information Tech,"[('CNIT', 27200), ('CNIT', 58100)]",2,6.0,179,196
"Vian, Wei",Assistant Professor of Practice,School of Engineering Tech,"[('MET', 11100), ('MET', 14400)]",2,6.0,282,285
"Wallace, Lewie J.",Lecturer,Schl of Construction Mgmt Tech,"[('CM', 25000), ('CM', 35000), ('CM', 45000)]",3,24.0,299,306
"Wang, Hao",Student,Computer Graphics Technology,"[('CGT', 25001), ('CGT', 45001)]",2,2.0,317,400
"Wang, Peng Hao",Assistant Professor,Schl of Aviation & Transp Tech,"[('AT', 26200), ('AT', 30702)]",2,7.0,60,78
"Wang, Sen",Student,Schl of Aviation & Transp Tech,"[('AT', 10200)]",1,3.0,65,72
"Wang, Xiaoming",Associate Professor,School of Engineering Tech,"[('MET', 50300)]",1,3.0,34,35
"Weida, James R.",Lecturer,Schl of Construction Mgmt Tech,"[('CM', 25000), ('CM', 35000)]",2,18.0,201,201
"Weston, Richard E.",Student,Naval Science,"[('NS', 44000)]",1,3.0,12,40
"White, Kevin C.",Professor of Military Science,Military Science,"[('MSL', 10200), ('MSL', 10200), ('MSL', 10200), ('MSL', 20200), ('MSL', 20200), ('MSL', 30200), ('MSL', 30200), ('MSL', 40200)]",8,24.0,145,220
"Whitten, Jeffrey L.",Professor Emeritus,Computer Information Tech,"[('CNIT', 55100)]",1,3.0,1,12
"Whittinghill, David M.",Associate Professor,Computer Graphics Technology,"[('CGT', 20500), ('CGT', 40500), ('CGT', 55500)]",3,3.0,137,350
"Willis, Adam J.",Instructor,Aerospace Studies,"[('AFT', 24000), ('AFT', 24000)]",2,2.0,42,96
"Wong, Kai Chiu Oscar",Student,Computer Information Tech,"[('CNIT', 45500)]",1,3.0,1,3
"Wyman, Dan A.",Assistant Professor of Practice,Schl of Construction Mgmt Tech,"[('CM', 10000), ('CM', 30000), ('CM', 40000), ('CM', 41000), ('CM', 45000)]",5,24.5,298,426
"Xue, Xiaorui",Student,Schl of Construction Mgmt Tech,"[('CM', 41000)]",1,0.5,15,100
"Yang, Baijian",Professor,Computer Information Tech,"[('CNIT', 55500), ('CNIT', 62300)]",2,6.0,22,44
"Yother, Tracy L.",Assistant Professor,Schl of Aviation & Transp Tech,"[('AT', 36302), ('AT', 52600)]",2,7.0,62,85
"Zaman, Nasheet",Assistant Professor of Practice,Computer Graphics Technology,"[('CGT', 24600), ('CGT', 34000), ('CGT', 44200)]",3,9.0,66,90
"Zhang, Haiyan H.",Professor,School of Engineering Tech,"[('MET', 31400), ('MET', 38200)]",2,6.0,89,98
"Zhang, Jiansong",Associate Professor,Schl of Construction Mgmt Tech,"[('CM', 10000), ('CM', 20000), ('CM', 41000)]",3,12.5,190,290
"Zhu, Yi",Student,Computer Information Tech,"[('CNIT', 17500)]",1,3.0,40,40
"Ziakkas, Dimitrios",Assistant Professor,Schl of Aviation & Transp Tech,"[('AT', 38800)]",1,3.0,52,65
"Zimmermann, Natalie",Student,Schl of Aviation & Transp Tech,"[('AT', 26200)]",1,4.0,35,36
"Zimpfer, Mark D.",Associate Professor of Practice,Schl of Construction Mgmt Tech,"[('CM', 10000), ('CM', 30000), ('CM', 36200), ('CM', 41000), ('CM', 45000)]",5,20.5,288,386
"Ziulkowski, Jonathon D.",Senior Lecturer,Schl of Aviation & Transp Tech,"[('AT', 10300), ('AT', 10600), ('AT', 20200)]",3,9.0,239,282
